STT,Thực thể nguồn (Source),Loại nguồn (Type),Mã CUI nguồn,Chỉ số nguồn (Attributes),Quan hệ lâm sàng (Relation),Thực thể đích (Target),Loại đích (Type),Mã CUI đích,Chỉ số đích (Attributes),Bằng chứng văn bản gốc (Evidence Span),Tài liệu nguồn
1,Acetaminophen,Drug,C0000970,,Điều trị,Hen nhạy cảm aspirin,DiseaseSubtype,C3853540,,Bệnh nhân hen suyễn nhạy cảm với aspirinn có thể sử dụng acetaminophen,henphequan.txt
2,Adipokine,Mechanism,C1955907,,Là cơ chế sinh bệnh học của,Hen,Disease,C0004096,,"Các chất trung gian chính liên quan đến các nghiên cứu quan sát và nghiên cứu cắt ngang bao gồm leptin, adipokine và Il-6 huyết thanh.",henphequan.txt
3,Aspirin,Drug,C0004057,,Điều trị,Hen nhạy cảm aspirin,DiseaseSubtype,C3853540,,Việc điều trị đầu tiên cho hen nhạy cảm aspirin là tránh aspirin và NSAID khác.,henphequan.txt
4,Azithromycin,Drug,C0052796,,Điều trị,Bệnh phổi tắc nghẽn mạn tính,Disease,C0024117,,ví dụ: kê đơn roflimulast/azithromycin cho bệnh nhân có chẩn đoán bằng liệu pháp sinh học điều trị hen suyễn hoặc T2 ở bệnh nhân có chẩn đoán mắc COPD.,henphequan.txt
5,Azithromycin,Drug,C0052796,,Điều trị,Chồng chéo Hen suyễn-COPD,Disease,C4038730,,ACO đại diện cho một nhóm nhỏ bệnh nhân hen suyễn (từ 15 đến 35%) và COPD (từ 10 đến 40%) có thể đáp ứng với các loại thuốc không thường được chỉ định cho tình trạng rối loạn tương ứng với chẩn đoán chính của bệnh nhân (ví dụ: kê đơn roflimulast/azithromycin,henphequan.txt
6,Azithromycin,Drug,C0052796,,Điều trị,Giới hạn luồng không khí,DiseaseSubtype,C0024117,,ví dụ: kê đơn roflimulast/azithromycin cho bệnh nhân có chẩn đoán bằng liệu pháp sinh học điều trị hen suyễn hoặc T2 ở bệnh nhân có chẩn đoán mắc COPD.,henphequan.txt
7,Azithromycin,Drug,C0052796,,Điều trị,Hạn chế luồng khí,Sign,C0024117,,ví dụ: kê đơn roflimulast/azithromycin cho bệnh nhân có chẩn đoán bằng liệu pháp sinh học điều trị hen suyễn hoặc T2 ở bệnh nhân có chẩn đoán mắc COPD.,henphequan.txt
8,Bisphosphonat,Drug,C0012544,,Điều trị,Loãng xương,Disease,C0029456,,"Bệnh nhân cần dùng corticosteroid hít, đặc biệt là những người có các yếu tố nguy cơ gây loãng xương, có thể cần dùng thêm các biện pháp để bảo vệ mật độ xương (ví dụ: chất bổ sung canxi và vitamin D, bisphosphonat).",henphequan.txt
9,Béo phì,RiskFactor,C0028754,,Làm tăng nguy cơ mắc,Hen,Disease,C0004096,,"Trước khi liệu pháp được tăng cường, việc tuân thủ, tiếp xúc với các yếu tố môi trường (ví dụ: tiếp xúc với chất kích thích) và sự hiện diện của các bệnh kèm theo (ví dụ: béo phì, viêm mũi dị ứng, bệnh trào ngược dạ dày thực quản, bệnh phổi tắc nghẽn mạn tính, ngưng thở khi ngủ do tắc nghẽn, rối loạn chức năng dây thanh âm, sử dụng cocaine dạng hít).",henphequan.txt
10,Bạch cầu ái toan,Mechanism,C0014467,,Là một phần của cơ chế,Đáp ứng miễn dịch T2,Mechanism,Chưa có,,Đáp ứng T2 tiền viêm được đặc trưng bởi sự tăng trưởng và kích hoạt quá trình sản sinh bạch cầu ái toan và IgE.,henphequan.txt
11,Bệnh phổi tắc nghẽn mạn tính,Disease,C0024117,,Làm tăng nguy cơ mắc,Hen,Disease,C0004096,,"Trước khi liệu pháp được tăng cường, việc tuân thủ, tiếp xúc với các yếu tố môi trường (ví dụ: tiếp xúc với chất kích thích) và sự hiện diện của các bệnh kèm theo (ví dụ: béo phì, viêm mũi dị ứng, bệnh trào ngược dạ dày thực quản, bệnh phổi tắc nghẽn mạn tính, ngưng thở khi ngủ do tắc nghẽn, rối loạn chức năng dây thanh âm, sử dụng cocaine dạng hít).",henphequan.txt
12,Bệnh trào ngược dạ dày thực quản (GERD),Disease,C0017168,,Làm tăng nguy cơ mắc,Hen,Disease,C0004096,,GERD là một tác nhân thông thường trong một số bệnh nhân hen,henphequan.txt
13,Bộ lọc không khí HEPA,Treatment,C1881047,,Điều trị,Bệnh hen do tập luyện,Disease,C0004099,,Bộ lọc không khí hạt có hiệu suất cao (HEPA) có thể làm giảm các triệu chứng,henphequan.txt
14,Bộ lọc không khí HEPA,Treatment,C1881047,,Điều trị,Hen do gắng sức,DiseaseSubtype,C0004099,,Bộ lọc không khí hạt có hiệu suất cao (HEPA) có thể làm giảm các triệu chứng,henphequan.txt
15,Canxi và Vitamin D,Treatment,C0006730,,Điều trị,Loãng xương,Disease,C0029456,,"Bệnh nhân cần dùng corticosteroid hít, đặc biệt là những người có các yếu tố nguy cơ gây loãng xương, có thể cần dùng thêm các biện pháp để bảo vệ mật độ xương (ví dụ: chất bổ sung canxi và vitamin D, bisphosphonat).",henphequan.txt
16,Celecoxib,Drug,C0538927,,Điều trị,Hen nhạy cảm aspirin,DiseaseSubtype,C3853540,,"Bệnh nhân hen suyễn nhạy cảm với aspirinn có thể sử dụng acetaminophen, choline magnesium salicylate, hoặc NSAID có tính chọn lọc cao như celecoxib khi họ cần thuốc giảm đau.",henphequan.txt
17,Choline magnesium salicylate,Drug,C2930097,,Điều trị,Hen nhạy cảm aspirin,DiseaseSubtype,C3853540,,"Bệnh nhân hen suyễn nhạy cảm với aspirinn có thể sử dụng acetaminophen, choline magnesium salicylate, hoặc NSAID có tính chọn lọc cao như celecoxib khi họ cần thuốc giảm đau.",henphequan.txt
18,Chất gây dị ứng trong gia đình,RiskFactor,Chưa có,,Làm tăng nguy cơ mắc,Hen,Disease,C0004096,,"Các bằng chứng cho thấy có sự liên quan của các chất gây dị ứng trong gia đình (ví dụ: bụi, gián, vật nuôi) và các chất gây dị ứng môi trường khác đối với sự phát triển bệnh ở trẻ em và người lớn.",henphequan.txt
19,"Chế độ ăn thiếu hụt vitamin C, E và axit béo omega-3",RiskFactor,Chưa có,,Làm tăng nguy cơ mắc,Hen,Disease,C0004096,,"Chế độ ăn ít vitamin C, E và axit béo omega-3 có liên quan đến hen suyễn",henphequan.txt
20,Chỉ số huyết áp,Test,C0005824,,Xác định ngưỡng chẩn đoán cho,Tăng huyết áp,Disease,C0020538,,Không giống như tăng huyết áp (ví dụ: trong đó một chỉ số [HA] xác định mức độ nghiêm trọng của rối loạn và hiệu quả điều trị),henphequan.txt
21,Chỉnh hình phế quản bằng nhiệt,Treatment,C3854686,,Điều trị,Hen nặng không kiểm soát,DiseaseSubtype,C3862402,,Tiêu chuẩn để xem xét chỉnh hình phế quản bằng nhiệt bao gồm bệnh hen nặng không được kiểm soát,henphequan.txt
22,Chức năng hô hấp,Test,C0035227,,Dùng để chẩn đoán,Suy giảm chức năng phổi,DiseaseSubtype,Chưa có,,Nguy cơ được đánh giá bởi các đặc điểm lâu dài về chức năng hô hấp và các lâm sàng như,henphequan.txt
23,Co thắt phế quản,Mechanism,C0006266,,Gây tổn thương cơ quan,Phế quản,Organ,C0006255,,"Thuật ngữ cơn hen phế quản mô tả sự co thắt phế quản nặng, dữ dội và kéo dài có khả năng kháng trị.",henphequan.txt
24,Co thắt phế quản,Mechanism,C0006266,,Là cơ chế sinh bệnh học của,Cơn hen,Complication,C0347950,,"Thuật ngữ cơn hen phế quản mô tả sự co thắt phế quản nặng, dữ dội và kéo dài có khả năng kháng trị.",henphequan.txt
25,Co thắt phế quản,Mechanism,C0006266,,Là cơ chế sinh bệnh học của,Cơn hen phế quản,DiseaseSubtype,C0347950,,"Thuật ngữ cơn hen phế quản mô tả sự co thắt phế quản nặng, dữ dội và kéo dài có khả năng kháng trị.",henphequan.txt
26,Co thắt phế quản,Mechanism,C0006266,,Là cơ chế sinh bệnh học của,Hen,Disease,C0004096,,"GERD là một tác nhân thông thường trong một số bệnh nhân hen, có thể thông qua phản ứng co thắt phế quản do axit thực quản hoặc do hít phải axit.",henphequan.txt
27,Co thắt phế quản nặng,Mechanism,Chưa có,,Là cơ chế sinh bệnh học của,Hen,Disease,C0004096,,bệnh nhân bị co thắt phế quản nặng có thể không có thở khò khè nghe thấy được do luồng khí thở bị giới hạn rõ rệt.,henphequan.txt
28,Corticosteroid,DrugClass,C0001617,,Điều trị,Hen,Disease,C0004096,,tầm quan trọng của việc sử dụng corticosteroid sớm.,henphequan.txt
29,Corticosteroid,Drug,C0001617,,Điều trị,Hen kích ứng,Disease,Chưa có,,"RADS và hen kích ứng mạn tính có nhiều điểm tương đồng về lâm sàng với hen (ví dụ: thở khò khè, khó thở, ho, có hạn chế luồng khí, tăng đáp ứng phế quản) và đáp ứng đáng kể với thuốc giãn phế quản và thường là corticosteroid.",henphequan.txt
30,Corticosteroid,DrugClass,C0001617,,Điều trị,RADS,Disease,C1299633,,"RADS và hen kích ứng mạn tính có nhiều điểm tương đồng về lâm sàng với hen (ví dụ: thở khò khè, khó thở, ho, có hạn chế luồng khí, tăng đáp ứng phế quản) và đáp ứng đáng kể với thuốc giãn phế quản và thường là corticosteroid.",henphequan.txt
31,Corticosteroid dạng hít,DrugClass,C4020618,,Điều trị,Hen,Disease,C0004096,,"Điều trị liên quan đến kiểm soát các yếu tố khởi phát và điều trị bằng thuốc, thường dùng nhất là thuốc cường beta-2 và corticosteroid dạng hít.",henphequan.txt
32,Corticosteroid dạng hít (ICS),DrugClass,C3540702,,Điều trị,Hen,Disease,C0004096,,Một số nghiên cứu cho thấy việc sử dụng corticosteroid đường hít làm giảm tỷ lệ nhập viện và tử vong.,henphequan.txt
33,Corticosteroid dạng hít (ICS),DrugClass,C3540702,,Điều trị,Rối loạn thông khí tắc nghẽn,Disease,C0746984,,"xác định mức độ hồi phục của rối loạn thông khí tắc nghẽn (ví dụ, bằng cách dùng thử corticosteroid hít trong 2 tới 3 tuần",henphequan.txt
34,Corticosteroid hít,Drug,C3540702,,Điều trị,Hen,Disease,C0004096,,Một số nghiên cứu cho thấy việc sử dụng corticosteroid đường hít làm giảm tỷ lệ nhập viện và tử vong.,henphequan.txt
35,Corticosteroid hít,Drug,C3540702,,Điều trị,Rối loạn thông khí tắc nghẽn,Disease,C0746984,,"xác định mức độ hồi phục của rối loạn thông khí tắc nghẽn (ví dụ, bằng cách dùng thử corticosteroid hít trong 2 tới 3 tuần",henphequan.txt
36,Corticosteroid hệ thống,DrugClass,C4053960,,Điều trị,Đợt cấp hen suyễn,DiseaseSubtype,C0340066,,Điều trị bao gồm Thuốc giãn phế quản dạng hít (thuốc chủ vận beta và thuốc kháng cholinergic) Thường là corticosteroid đường toàn thân,henphequan.txt
37,Corticosteroid đường toàn thân,Drug,C4053960,,Điều trị,Đợt cấp hen suyễn,DiseaseSubtype,C0340066,,Điều trị bao gồm Thuốc giãn phế quản dạng hít (thuốc chủ vận beta và thuốc kháng cholinergic) Thường là corticosteroid đường toàn thân,henphequan.txt
38,Cromolyn,Drug,C0012694,,Điều trị,Hen,Disease,C0004096,,"Trẻ nhỏ và trẻ em < 5 tuổi cần điều trị > 2 lần/tuần nên được dùng thuốc chống viêm hàng ngày với corticosteroid dạng hít (ưu tiên), thuốc đối kháng thụ thể leukotriene, hoặc cromolyn.",henphequan.txt
39,Cơ trơn tái cấu trúc,Mechanism,Chưa có,,Là cơ chế sinh bệnh học của,Hen,Disease,C0004096,,Nhiệt làm giảm số lượng cơ trơn tái cấu trúc của đường thở (và do đó tác động lên khối cơ trơn) xảy ra với bệnh hen suyễn.,henphequan.txt
40,Cơn co thắt phế quản lan tỏa,DiseaseSubtype,Chưa có,,Dẫn đến biến chứng,Suy hô hấp,Complication,C1145670,,"Hầu hết các bệnh nhân đều có thể bù đắp bằng cách thở nhanh, nhưng trong trường hợp nặng, cơn co thắt phế quản lan tỏa gây ra sự ứ khí nghiêm trọng và các cơ hô hấp bị bất lợi về mặt cơ học vì vậy sự hít thở gắng sức sẽ tăng lên.",henphequan.txt
41,Cải thiện FEV1 > 12% hoặc >= 10% FEV1 dự đoán,Measurement,Chưa có,Thông số: Cải thiện FEV1,Xác định ngưỡng chẩn đoán cho,Rối loạn thông khí tắc nghẽn có hồi phục,DiseaseSubtype,Chưa có,,Sự cải thiện FEV1 > 12% hoặc tăng >= 10% so với FEV1 dự đoán sau dùng thuốc giãn phế quản thể hiện rối loạn thông khí tắc nghẽn có hồi phục,henphequan.txt
42,Cải thiện FEV1 sau thuốc giãn phế quản > 12% hoặc >= 10% dự đoán,Measurement,Chưa có,Thông số: Cải thiện FEV1 sau thuốc giãn phế quản,Xác định ngưỡng chẩn đoán cho,Rối loạn thông khí tắc nghẽn có hồi phục,DiseaseSubtype,Chưa có,,Sự cải thiện FEV1 > 12% hoặc tăng >= 10% so với FEV1 dự đoán sau dùng thuốc giãn phế quản thể hiện rối loạn thông khí tắc nghẽn có hồi phục,henphequan.txt
43,DLCO,Test,C1516251,,Dùng để chẩn đoán,Bệnh phổi tắc nghẽn mạn tính,Disease,C0024117,,Xét nghiệm DLCO có thể giúp phân biệt hen suyễn với COPD.,henphequan.txt
44,DLCO,Test,C1516251,,Dùng để chẩn đoán,Giới hạn luồng không khí,DiseaseSubtype,C0024117,,Xét nghiệm DLCO có thể giúp phân biệt hen suyễn với COPD.,henphequan.txt
45,DLCO,Test,C1516251,,Dùng để chẩn đoán,Hạn chế luồng khí,Sign,C0024117,,Xét nghiệm DLCO có thể giúp phân biệt hen suyễn với COPD.,henphequan.txt
46,Dị nguyên môi trường,RiskFactor,C4304127,,Làm tăng nguy cơ mắc,Hen,Disease,C0004096,,Yếu tố khởi phát hen trải dài từ các dị nguyên trong môi trường,henphequan.txt
47,Dụng cụ hít định liều (MDI),Treatment,C0993596,,Điều trị,Hen,Disease,C0004096,,cách sử dụng buồng đệm với dụng cụ hít định liều (MDI),henphequan.txt
48,FEV1,Measurement,Chưa có,Thông số: FEV1,Làm thay đổi / điều biến,Hen,Disease,C0004096,,"Suy giảm chức năng hoặc suy giảm chức năng sinh lý, suy giảm khách quan ở phổi có thể được đo bằng phương pháp đo phế dung kế, chủ yếu là thể tích thở ra gắng sức trong 1 giây (FEV1) và tỷ lệ giữa FEV1 với dung tích sống gắng sức (FVC), tương quan chặt chẽ với các thành phần chủ quan kiểm soát hen suyễn bao gồm các triệu chứng và các đặc điểm lâm sàng như là",henphequan.txt
49,FEV1 >= 50% dự đoán,Measurement,Chưa có,Thông số: FEV1; Giá trị: >=50 % dự đoán,Xác định ngưỡng chẩn đoán cho,Hen nặng không kiểm soát,DiseaseSubtype,C3862402,,"Tiêu chuẩn để xem xét chỉnh hình phế quản bằng nhiệt bao gồm bệnh hen nặng không được kiểm soát bằng corticosteroid dạng hít và các thuốc chủ vận beta tác dụng kéo dài, sử dụng corticosteroid uống liên tục hoặc từng đợt, FEV1 >= 50% dự đoán và không có tiền sử đợt cấp nguy hiểm tính mạng.",henphequan.txt
50,FeNO,Test,C5445160,,Dùng để chẩn đoán,Hen,Disease,C0004096,,Phép đo nitric oxide theo phân đoạn thở ra đã được đề xuất như một phương pháp hỗ trợ trong việc đánh giá mức độ kiểm soát hen suyễn,henphequan.txt
51,FeNO,Test,C5445160,,Là cơ chế sinh bệnh học của,Viêm do dị ứng (T2),DiseaseSubtype,Chưa có,,"T2, hoặc viêm do dị ứng, thường được đặc trưng bởi tăng oxit nitric thở ra (FeNO)",henphequan.txt
52,Gen ADAM33,Mechanism,C1423517,,Là cơ chế sinh bệnh học của,Hen,Disease,C0004096,,"Ngoài ra,gen ADAM33 có thể kích thích cơ trơn đường hô hấp và tăng sinh nguyên bào sợi và tái cấu trúc; Đây là locus có nguy cơ mắc hen đầu tiên được tìm thấy",henphequan.txt
53,Gen ORMDL3,Mechanism,C1423930,,Là cơ chế sinh bệnh học của,Hen,Disease,C0004096,,"Vị trí này chứa gen ORMDL3, đó là một chất gây dị ứng và gen cytokine (IL-4/IL-13) có liên quan đến sự tái cấu trúc tế bào biểu mô và sự tăng chuyển hóa sponolipid.",henphequan.txt
54,Gen nhạy cảm hen,RiskFactor,Chưa có,,Làm tăng nguy cơ mắc,Hen,Disease,C0004096,,Sự phát triển hen suyễn là do nhiều tác động và phụ thuộc vào sự tương tác giữa các gen nhạy cảm và các yếu tố môi trường.,henphequan.txt
55,Giáo dục bệnh nhân,Treatment,C0030688,,Điều trị,Hen,Disease,C0004096,,Bệnh nhân sẽ làm tốt hơn khi họ hiểu biết hơn về bệnh hen,henphequan.txt
56,Giải mẫn cảm,Treatment,C1709852,,Điều trị,Hen nhạy cảm aspirin,DiseaseSubtype,C3853540,,giải mẫn cảm có thể được thực hiện trong các phòng khám nội trú hoặc ngoại trú tùy thuộc vào mức độ aspirin độ nhạy và mức độ hen,henphequan.txt
57,Giảm cân,Treatment,C5203233,,Điều trị,Hen,Disease,C0004096,,Nhiều nghiên cứu đã cho thấy mức độ nặng và các đợt cấp của bệnh hen suyễn giảm sau khi giảm cân.,henphequan.txt
58,Giới hạn luồng không khí,DiseaseSubtype,C0024117,,Làm tăng nguy cơ mắc,Hen,Disease,C0004096,,"Trước khi liệu pháp được tăng cường, việc tuân thủ, tiếp xúc với các yếu tố môi trường (ví dụ: tiếp xúc với chất kích thích) và sự hiện diện của các bệnh kèm theo (ví dụ: béo phì, viêm mũi dị ứng, bệnh trào ngược dạ dày thực quản, bệnh phổi tắc nghẽn mạn tính, ngưng thở khi ngủ do tắc nghẽn, rối loạn chức năng dây thanh âm, sử dụng cocaine dạng hít).",henphequan.txt
59,Giới nữ,RiskFactor,C0086287,,Làm tăng nguy cơ mắc,Hen,Disease,C0004096,,"Giới nữ, hút thuốc, tuổi dậy thì sớm, nhạy cảm với bọ ve trong nhà là những yếu tố nguy cơ cho hen kéo dài và tái phát.",henphequan.txt
60,Hen,Disease,C0004096,,Gây tổn thương cơ quan,Đường thở,Organ,C0458827,,hình thành quá trình viêm thâm nhiễm lan rộng vào biểu mô và cơ trơn đường thở,henphequan.txt
61,Hen,Disease,C0004096,,Có triệu chứng cơ năng,Ho,Symptom,C0010200,,"Triệu chứng và dấu hiệu bao gồm khó thở, tức ngực, ho, thở khò khè.",henphequan.txt
62,Hen,Disease,C0004096,,Có triệu chứng cơ năng,Khó thở,Symptom,C0013404,,"Triệu chứng và dấu hiệu bao gồm khó thở, tức ngực, ho, thở khò khè.",henphequan.txt
63,Hen,Disease,C0004096,,Có triệu chứng cơ năng,Triệu chứng hen,Symptom,C1276804,,khi bệnh nhân đáp ứng tốt điều trị thì sẽ có ít triệu chứng.,henphequan.txt
64,Hen,Disease,C0004096,,Có triệu chứng cơ năng,Tức ngực,Symptom,C0008031,,"Triệu chứng và dấu hiệu bao gồm khó thở, tức ngực, ho, thở khò khè.",henphequan.txt
65,Hen,Disease,C0004096,,Có triệu chứng cơ năng,Đau ngực,Sign,C0008031,,"Triệu chứng và dấu hiệu bao gồm khó thở, tức ngực, ho, thở khò khè.",henphequan.txt
66,Hen,Disease,C0004096,,Dẫn đến biến chứng,Cân nặng khi sinh thấp,Complication,C0024032,,"bà mẹ kiểm soát hen kém có thể làm tăng tỷ lệ tử vong trước sinh, sinh non và cân nặng khi sinh thấp.",henphequan.txt
67,Hen,Disease,C0004096,,Dẫn đến biến chứng,Sinh non,Complication,C0151526,,"bà mẹ kiểm soát hen kém có thể làm tăng tỷ lệ tử vong trước sinh, sinh non",henphequan.txt
68,Hen,Disease,C0004096,,Dẫn đến biến chứng,Suy hô hấp,Complication,C1145670,,Bệnh nhân có đợt kịch phát nặng và sắp xảy ra suy hô hấp,henphequan.txt
69,Hen,Disease,C0004096,,Dẫn đến biến chứng,Tái cấu trúc đường thở,Complication,C2717792,,"Theo thời gian, đường thở ở một số bệnh nhân bị hen suyễn trải qua sự thay đổi cấu trúc vĩnh viễn (tái cấu trúc)",henphequan.txt
70,Hen,Disease,C0004096,,Dẫn đến biến chứng,Tử vong,Complication,C1306577,,Mặc dù một số đáng kể ca tử vong hàng năm là do bệnh hen,henphequan.txt
71,Hen,Disease,C0004096,,Dẫn đến biến chứng,Tử vong trước sinh,Complication,C0277604,,bà mẹ kiểm soát hen kém có thể làm tăng tỷ lệ tử vong trước sinh,henphequan.txt
72,Hen,Disease,C0004096,,Dẫn đến biến chứng,cân nặng sơ sinh thấp,RiskFactor,C0024032,,"bà mẹ kiểm soát hen kém có thể làm tăng tỷ lệ tử vong trước sinh, sinh non và cân nặng khi sinh thấp.",henphequan.txt
73,Hen,Disease,C0004096,,Dẫn đến biến chứng,Đợt cấp hen suyễn nặng,Complication,C3872851,,"Ví dụ, bệnh nhân bị hen suyễn nhẹ không có triệu chứng hoặc triệu chứng nhẹ và chức năng phổi bình thường vẫn có thể bị đợt cấp nặng đe dọa đến tính mạng.",henphequan.txt
74,Hen không kiểm soát được,DiseaseSubtype,C5880014,,Dẫn đến biến chứng,Suy hô hấp,Complication,C1145670,,Nghi ngờ tăng carbon dioxide và suy hô hấp ở phụ nữ có thai bị hen không kiểm soát được,henphequan.txt
75,Hen không kiểm soát được,DiseaseSubtype,C5880014,,Dẫn đến biến chứng,Tăng carbon dioxide,Disease,C0020440,,Nghi ngờ tăng carbon dioxide và suy hô hấp ở phụ nữ có thai bị hen không kiểm soát được,henphequan.txt
76,Hen không kiểm soát được,DiseaseSubtype,C5880014,,Dẫn đến biến chứng,Tăng carbonic máu,Mechanism,C0020440,,Nghi ngờ tăng carbon dioxide và suy hô hấp ở phụ nữ có thai bị hen không kiểm soát được,henphequan.txt
77,Hen suyễn ban đêm,DiseaseSubtype,C1273489,,Là phân loại / thể bệnh của,Hen,Disease,C0004096,,Nhiều bệnh nhân bị bệnh nặng hơn sẽ bị thức giấc vào ban đêm (hen suyễn ban đêm).,henphequan.txt
78,Hen suyễn nhẹ,DiseaseSubtype,C0581124,,Là phân loại / thể bệnh của,Hen,Disease,C0004096,,"Ví dụ, bệnh nhân bị hen suyễn nhẹ không có triệu chứng hoặc triệu chứng nhẹ và chức năng phổi bình thường vẫn có thể bị đợt cấp nặng đe dọa đến tính mạng.",henphequan.txt
79,Hen suyễn thể ho,DiseaseSubtype,C0694548,,Là phân loại / thể bệnh của,Hen,Disease,C0004096,,Ho có thể là triệu chứng duy nhất ở một số bệnh nhân (hen suyễn thể ho).,henphequan.txt
80,Hen suyễn tăng bạch cầu ái toan,DiseaseSubtype,C0340076,,Là phân loại / thể bệnh của,Hen,Disease,C0004096,,Hen suyễn với dạng viêm này thường được gọi làh hen suyễn tăng bạch cầu ái toan.,henphequan.txt
81,Hoạt động thể chất,Treatment,C0026606,,Điều trị,Hen,Disease,C0004096,,"Trẻ em> 5 tuổi và thanh thiếu niên bị hen suyễn nên được khuyến khích duy trì các hoạt động thể chất, tập thể dục và tham gia các môn thể thao.",henphequan.txt
82,Hoạt động thể chất và thể thao,Treatment,C1319354,,Điều trị,Hen,Disease,C0004096,,"Trẻ em> 5 tuổi và thanh thiếu niên bị hen suyễn nên được khuyến khích duy trì các hoạt động thể chất, tập thể dục và tham gia các môn thể thao.",henphequan.txt
83,Hút thuốc,RiskFactor,C0453996,,Làm tăng nguy cơ mắc,Chồng chéo Hen suyễn-COPD,Disease,C4038730,,"Các đặc điểm chính bao gồm tắc nghẽn đường thở cố định không đáp ứng với thuốc giãn phế quản, tiếp xúc đáng kể với hút thuốc lá hoặc chất ô nhiễm và các đặc điểm của hen suyễn truyền thống, bao gồm tăng bạch cầu ái toan trong máu hoặc trong đờm và tắc nghẽn dòng khí có thể đảo ngược.",henphequan.txt
84,Hút thuốc,RiskFactor,C0453996,,Làm tăng nguy cơ mắc,Hen,Disease,C0004096,,"Giới nữ, hút thuốc, tuổi dậy thì sớm, nhạy cảm với bọ ve trong nhà là những yếu tố nguy cơ cho hen kéo dài và tái phát.",henphequan.txt
85,Hạn chế luồng khí,Sign,C0024117,,Làm tăng nguy cơ mắc,Hen,Disease,C0004096,,"Trước khi liệu pháp được tăng cường, việc tuân thủ, tiếp xúc với các yếu tố môi trường (ví dụ: tiếp xúc với chất kích thích) và sự hiện diện của các bệnh kèm theo (ví dụ: béo phì, viêm mũi dị ứng, bệnh trào ngược dạ dày thực quản, bệnh phổi tắc nghẽn mạn tính, ngưng thở khi ngủ do tắc nghẽn, rối loạn chức năng dây thanh âm, sử dụng cocaine dạng hít).",henphequan.txt
86,Hợp chất hữu cơ dễ bay hơi,Cause,C2350439,,Là nguyên nhân gây ra,Hen kích ứng,Disease,Chưa có,,"Hen kích ứng đề cập đến một phản ứng tương tự, dai dẳng giống như hen sau khi tiếp xúc nhiều lần hoặc mạn tính với các chất kích thích tương tự.",henphequan.txt
87,IgE,Mechanism,C0020846,,Là một phần của cơ chế,Đáp ứng miễn dịch T2,Mechanism,Chưa có,,Đáp ứng T2 tiền viêm được đặc trưng bởi sự tăng trưởng và kích hoạt quá trình sản sinh bạch cầu ái toan và IgE.,henphequan.txt
88,Il-6 huyết thanh,Mechanism,Chưa có,,Là cơ chế sinh bệnh học của,Hen,Disease,C0004096,,"Các chất trung gian chính liên quan đến các nghiên cứu quan sát và nghiên cứu cắt ngang bao gồm leptin, adipokine và Il-6 huyết thanh.",henphequan.txt
89,Khám lâm sàng,Test,C0031809,,Dùng để chẩn đoán,Hen,Disease,C0004096,,"Việc chẩn đoán được dựa trên tiền sử, khám lâm sàng và đo chức năng hô hấp.",henphequan.txt
90,Khí clo,Cause,C0008209,,Là nguyên nhân gây ra,Hen kích ứng,Disease,Chưa có,,"Hen kích ứng đề cập đến một phản ứng tương tự, dai dẳng giống như hen sau khi tiếp xúc nhiều lần hoặc mạn tính với các chất kích thích tương tự.",henphequan.txt
91,Khói thuốc lá,RiskFactor,C0439994,,Làm tăng nguy cơ mắc,Bệnh hen do tập luyện,Disease,C0004099,,"Các tác nhân không gây dị ứng, như khói thuốc lá, mùi mạnh, khói kích thích, nhiệt độ lạnh, độ ẩm cao, cũng nên tránh hoặc kiểm soát khi có thể.",henphequan.txt
92,Khói thuốc lá,RiskFactor,C0439994,,Làm tăng nguy cơ mắc,Hen,Disease,C0004096,,"Các chất gây kích ứng theo đường hô hấp, chẳng hạn như ô nhiễm không khí, khói thuốc lá, nước hoa và các sản phẩm làm sạch có thể làm khởi phát các triệu chứng hen.",henphequan.txt
93,Khói thuốc lá,RiskFactor,C0439994,,Làm tăng nguy cơ mắc,Hen do gắng sức,DiseaseSubtype,C0004099,,"Các tác nhân không gây dị ứng, như khói thuốc lá, mùi mạnh, khói kích thích, nhiệt độ lạnh, độ ẩm cao, cũng nên tránh hoặc kiểm soát khi có thể.",henphequan.txt
94,Kiểm soát các yếu tố khởi phát,Treatment,Chưa có,,Điều trị,Hen,Disease,C0004096,,Điều trị liên quan đến kiểm soát các yếu tố khởi phát và điều trị bằng thuốc,henphequan.txt
95,Kiểm tra chức năng hô hấp,Test,C0024119,,Dùng để chẩn đoán,Hen,Disease,C0004096,,Bệnh nhân nghi ngờ bị hen suyễn nên được kiểm tra chức năng hô hấp để chẩn đoán bệnh,henphequan.txt
96,Kiểm tra chức năng hô hấp,Test,C0024119,,Dùng để chẩn đoán,Hạn chế luồng khí,Sign,C0024117,,"Chẩn đoán dựa trên tiền sử, khám lâm sàng và được xác định bằng các kiểm tra chức năng hô hấp.",henphequan.txt
97,Kế hoạch hành động hen suyễn,Treatment,C3481636,,Điều trị,Hen,Disease,C0004096,,Kế hoạch như vậy dẫn đến việc kiểm soát bệnh hen suyễn tốt hơn,henphequan.txt
98,Kế hoạch quản lý bệnh hen,Treatment,C1445942,,Điều trị,Hen,Disease,C0004096,,Thanh thiếu niên và trẻ em lớn nên tham gia vào việc phát triển các kế hoạch quản lý bệnh hen của riêng mình và thiết lập các mục tiêu riêng của họ trong điều trị để cải thiện sự tuân thủ.,henphequan.txt
99,Leptin,Mechanism,C0299583,,Là cơ chế sinh bệnh học của,Hen,Disease,C0004096,,"Các chất trung gian chính liên quan đến các nghiên cứu quan sát và nghiên cứu cắt ngang bao gồm leptin, adipokine và Il-6 huyết thanh.",henphequan.txt
100,Liệu pháp kiểm soát hen,Treatment,Chưa có,,Điều trị,Bệnh hen do tập luyện,Disease,C0004099,,liệu pháp kiểm soát (bước 2 trở lên trong Bảng Các bước quản lý bệnh hen) nên được bắt đầu nếu các triệu chứng do tập thể dục không đáp ứng với thuốc hít,henphequan.txt
101,Liệu pháp kiểm soát hen,Treatment,Chưa có,,Điều trị,Hen do gắng sức,DiseaseSubtype,C0004099,,liệu pháp kiểm soát (bước 2 trở lên trong Bảng Các bước quản lý bệnh hen) nên được bắt đầu nếu các triệu chứng do tập thể dục không đáp ứng với thuốc hít,henphequan.txt
102,Liệu pháp sinh học,Treatment,C0005527,,Điều trị,Hen,Disease,C0004096,,ví dụ: kê đơn roflimulast/azithromycin cho bệnh nhân có chẩn đoán bằng liệu pháp sinh học điều trị hen suyễn hoặc T2 ở bệnh nhân có chẩn đoán mắc COPD.,henphequan.txt
103,Lưu lượng đỉnh (PEF),Test,C1518922,,Dùng để chẩn đoán,Hen,Disease,C0004096,,Các phép đo lưu lượng đỉnh (PEF) với máy đo lưu lượng cầm tay không tốn kém được khuyến cáo để theo dõi mức độ nghiêm trọng của bệnh và hướng dẫn điều trị.,henphequan.txt
104,Lưu lượng đỉnh (PEF),Test,C1518922,,Dùng để chẩn đoán,Đợt cấp hen suyễn,DiseaseSubtype,C0340066,,đặc biệt là để quản lý các đợt cấp dựa trên lưu lượng đỉnh cá nhân tốt nhất của bệnh nhân,henphequan.txt
105,Lưu lượng đỉnh cá nhân tốt nhất,Test,C4285560,,Dùng để chẩn đoán,Đợt cấp hen suyễn,DiseaseSubtype,C0340066,,đặc biệt là để quản lý các đợt cấp dựa trên lưu lượng đỉnh cá nhân tốt nhất của bệnh nhân,henphequan.txt
106,Mức FeNO > 50 ppb,Measurement,Chưa có,Thông số: FeNO; Giá trị: >50 ppb,Xác định ngưỡng chẩn đoán cho,Hen,Disease,C0004096,,"Mức FeNO > 50 ppb phù hợp với tình trạng viêm đường hô hấp do dị ứng, hỗ trợ chẩn đoán hen suyễn.",henphequan.txt
107,NSAID,DrugClass,C0003211,,Điều trị,Hen nhạy cảm aspirin,DiseaseSubtype,C3853540,,Việc điều trị đầu tiên cho hen nhạy cảm aspirin là tránh aspirin và NSAID khác.,henphequan.txt
108,Nghiệm pháp giãn phế quản,Test,Chưa có,,Dùng để chẩn đoán,Rối loạn thông khí tắc nghẽn,Disease,C0746984,,"xác định mức độ hồi phục của rối loạn thông khí tắc nghẽn (ví dụ, bằng cách dùng thử corticosteroid hít trong 2 tới 3 tuần hoặc thử nghiệm chức năng hô hấp với nghiệm pháp giãn phế quản).",henphequan.txt
109,Nghiệm pháp kích thích methacholine,Test,C3174375,,Dùng để chẩn đoán,Hen,Disease,C0004096,,"Nếu nghi ngờ hen, sắp xếp kiểm tra chức năng hô hấp, với nghiệm pháp kích thích bằng methacholine nếu cần.",henphequan.txt
110,Nghiệm pháp kích thích phế quản,Test,C0006265,,Dùng để chẩn đoán,Hen,Disease,C0004096,,"Nghiệm pháp kích thích, trong đó metacholine dạng hít (hoặc các thuốc thay thế như histamin hít, adenosine hoặc bradykinin, hoặc nghiệm pháp tập gắng sức) được dùng để gây co thắt phế quản, được chỉ định cho những bệnh nhân bị nghi ngờ mắc bệnh hen suyễn có kết quả đo chức năng hô hấp và biểu đồ lưu lượng thể tích bình thường và cho bệnh nhân nghi ngờ bị hen suyễn thể ho, nếu không có chống chỉ định.",henphequan.txt
111,Ngưng thở khi ngủ do tắc nghẽn,Cause,C0520679,,Làm tăng nguy cơ mắc,Hen,Disease,C0004096,,"Trước khi liệu pháp được tăng cường, việc tuân thủ, tiếp xúc với các yếu tố môi trường (ví dụ: tiếp xúc với chất kích thích) và sự hiện diện của các bệnh kèm theo (ví dụ: béo phì, viêm mũi dị ứng, bệnh trào ngược dạ dày thực quản, bệnh phổi tắc nghẽn mạn tính, ngưng thở khi ngủ do tắc nghẽn, rối loạn chức năng dây thanh âm, sử dụng cocaine dạng hít).",henphequan.txt
112,Ngưỡng biến thiên PEF trong ngày: > 20%,Measurement,Chưa có,Thông số: Biến thiên PEF trong ngày; Giá trị: >20 %,Xác định ngưỡng chẩn đoán cho,Không ổn định đường thở,DiseaseSubtype,Chưa có,,Sự biến thiên trong ngày > 20% cho thấy sự không ổn định đường thở,henphequan.txt
113,"Ngưỡng tăng huyết áp nặng: HA tâm thu > 200 mmHg, HA tâm trương > 100 mmHg",Measurement,Chưa có,Thông số: Huyết áp; Huyết áp 200/100,Xác định ngưỡng chẩn đoán cho,Tăng huyết áp nặng,DiseaseSubtype,C5395247,,tăng huyết áp nặng (HA tâm thu > 200 mm Hg; HA tâm trương > 100 mm Hg).,henphequan.txt
114,Nhiễm trùng đường hô hấp trên,Disease,C0041912,,Làm tăng nguy cơ mắc,Hen,Disease,C0004096,,"Ở trẻ lớn hơn và người lớn, nhiễm trùng đường hô hấp trên (đặc biệt với rhinovirus) và viêm phổi là các yếu tố gây khởi phát phổ biến.",henphequan.txt
115,Nhiễm trùng đường hô hấp trên do virus,RiskFactor,C0339916,,Làm tăng nguy cơ mắc,Bệnh hen do tập luyện,Disease,C0004099,,Hạn chế tiếp xúc với người có nhiễm trùng đường hô hấp trên do virus cũng rất quan trọng.,henphequan.txt
116,Nhiễm trùng đường hô hấp trên do virus,RiskFactor,C0339916,,Làm tăng nguy cơ mắc,Hen do gắng sức,DiseaseSubtype,C0004099,,Hạn chế tiếp xúc với người có nhiễm trùng đường hô hấp trên do virus cũng rất quan trọng.,henphequan.txt
117,Nhân tố môi trường,Cause,C0686732,,Là nguyên nhân gây ra,Hen,Disease,C0004096,,Nhân tố môi trường là nguyên nhân của hen có thể bao gồm những yếu tố sau:,henphequan.txt
118,Nhạy cảm với bọ ve trong nhà,RiskFactor,Chưa có,,Làm tăng nguy cơ mắc,Hen,Disease,C0004096,,"Giới nữ, hút thuốc, tuổi dậy thì sớm, nhạy cảm với bọ ve trong nhà là những yếu tố nguy cơ cho hen kéo dài và tái phát.",henphequan.txt
119,Nitơ oxit,Cause,C0028167,,Là nguyên nhân gây ra,Hen kích ứng,Disease,Chưa có,,"Hen kích ứng đề cập đến một phản ứng tương tự, dai dẳng giống như hen sau khi tiếp xúc nhiều lần hoặc mạn tính với các chất kích thích tương tự.",henphequan.txt
120,Oxit nitric thở ra (FeNO),Mechanism,C5445160,,Dùng để chẩn đoán,Hen,Disease,C0004096,,Phép đo nitric oxide theo phân đoạn thở ra đã được đề xuất như một phương pháp hỗ trợ trong việc đánh giá mức độ kiểm soát hen suyễn,henphequan.txt
121,Oxit nitric thở ra (FeNO),Mechanism,C5445160,,Là cơ chế sinh bệnh học của,Viêm do dị ứng (T2),DiseaseSubtype,Chưa có,,"T2, hoặc viêm do dị ứng, thường được đặc trưng bởi tăng oxit nitric thở ra (FeNO)",henphequan.txt
122,Phân loại mức độ nghiêm trọng của bệnh hen suyễn,Guideline,Chưa có,,Phân loại thể bệnh,Mức độ nặng của bệnh,DiseaseSubtype,C3494263,,"Mức độ nặng là cường độ thực chất của quá trình bệnh (nghĩa là xấu đến mức nào, xem bảng Phân loại mức độ nghiêm trọng của bệnh hen suyễn).",henphequan.txt
123,Prostaglandin,Mechanism,C0033554,,Là cơ chế sinh bệnh học của,Co mạch phổi bù trừ,Mechanism,Chưa có,,các cơ chế bù trừ này lại thất bại trong đợt cấp của hen do tác dụng giãn mạch của prostaglandin,henphequan.txt
124,RADS,Disease,C1299633,,Có dấu hiệu thực thể,Bệnh phổi tắc nghẽn mạn tính,Disease,C0024117,,"RADS và hen kích ứng mạn tính có nhiều điểm tương đồng về lâm sàng với hen (ví dụ: thở khò khè, khó thở, ho, có hạn chế luồng khí, tăng đáp ứng phế quản)",henphequan.txt
125,RADS,Disease,C1299633,,Có dấu hiệu thực thể,Giới hạn luồng không khí,DiseaseSubtype,C0024117,,"RADS và hen kích ứng mạn tính có nhiều điểm tương đồng về lâm sàng với hen (ví dụ: thở khò khè, khó thở, ho, có hạn chế luồng khí, tăng đáp ứng phế quản)",henphequan.txt
126,RADS,Disease,C1299633,,Có dấu hiệu thực thể,Hạn chế luồng khí,Sign,C0024117,,"RADS và hen kích ứng mạn tính có nhiều điểm tương đồng về lâm sàng với hen (ví dụ: thở khò khè, khó thở, ho, có hạn chế luồng khí, tăng đáp ứng phế quản)",henphequan.txt
127,RADS,Disease,C1299633,,Có triệu chứng cơ năng,Ho,Symptom,C0010200,,"RADS và hen kích ứng mạn tính có nhiều điểm tương đồng về lâm sàng với hen (ví dụ: thở khò khè, khó thở, ho, có hạn chế luồng khí, tăng đáp ứng phế quản)",henphequan.txt
128,RADS,Disease,C1299633,,Có triệu chứng cơ năng,Khó thở,Symptom,C0013404,,"RADS và hen kích ứng mạn tính có nhiều điểm tương đồng về lâm sàng với hen (ví dụ: thở khò khè, khó thở, ho, có hạn chế luồng khí, tăng đáp ứng phế quản)",henphequan.txt
129,RAST,Test,C0034554,,Dùng để chẩn đoán,Hen,Disease,C0004096,,Test da và đo IgE dị nguyên đặc hiệu thông qua kiểm tra chất hấp thụ radio (RAST) có thể xác định được các tác nhân gây dị ứng cụ thể.,henphequan.txt
130,Roflumilast,Drug,C0965618,,Điều trị,Bệnh phổi tắc nghẽn mạn tính,Disease,C0024117,,ví dụ: kê đơn roflimulast/azithromycin cho bệnh nhân có chẩn đoán bằng liệu pháp sinh học điều trị hen suyễn hoặc T2 ở bệnh nhân có chẩn đoán mắc COPD.,henphequan.txt
131,Roflumilast,Drug,C0965618,,Điều trị,Chồng chéo Hen suyễn-COPD,Disease,C4038730,,ACO đại diện cho một nhóm nhỏ bệnh nhân hen suyễn (từ 15 đến 35%) và COPD (từ 10 đến 40%) có thể đáp ứng với các loại thuốc không thường được chỉ định cho tình trạng rối loạn tương ứng với chẩn đoán chính của bệnh nhân (ví dụ: kê đơn roflimulast/azithromycin,henphequan.txt
132,Roflumilast,Drug,C0965618,,Điều trị,Giới hạn luồng không khí,DiseaseSubtype,C0024117,,ví dụ: kê đơn roflimulast/azithromycin cho bệnh nhân có chẩn đoán bằng liệu pháp sinh học điều trị hen suyễn hoặc T2 ở bệnh nhân có chẩn đoán mắc COPD.,henphequan.txt
133,Roflumilast,Drug,C0965618,,Điều trị,Hạn chế luồng khí,Sign,C0024117,,ví dụ: kê đơn roflimulast/azithromycin cho bệnh nhân có chẩn đoán bằng liệu pháp sinh học điều trị hen suyễn hoặc T2 ở bệnh nhân có chẩn đoán mắc COPD.,henphequan.txt
134,Rối loạn chức năng dây thanh âm,Disease,C0859897,,Là nguyên nhân gây ra,Hen,Disease,C0004096,,"rối loạn chức năng dây thanh âm, một nguyên nhân phổ biến gây tắc nghẽn đường hô hấp trên biểu hiện giống như bệnh hen.",henphequan.txt
135,Rối loạn chức năng dây thanh âm,Disease,C0859897,,Là nguyên nhân gây ra,Tắc nghẽn đường hô hấp trên,DiseaseSubtype,C0340101,,"rối loạn chức năng dây thanh âm, một nguyên nhân phổ biến gây tắc nghẽn đường hô hấp trên",henphequan.txt
136,Sulfite,RiskFactor,C0038750,,Làm tăng nguy cơ mắc,Bệnh hen do tập luyện,Disease,C0004099,,Các bệnh nhân nhạy cảm với sulfite nên tránh đồ có chứa sulfite,henphequan.txt
137,Sulfite,RiskFactor,C0038750,,Làm tăng nguy cơ mắc,Hen do gắng sức,DiseaseSubtype,C0004099,,Các bệnh nhân nhạy cảm với sulfite nên tránh đồ có chứa sulfite,henphequan.txt
138,Suy giảm chức năng hô hấp,Disease,C0035229,,Có triệu chứng cơ năng,Triệu chứng mạn tính,Symptom,C4699979,,"giảm thiểu sự suy giảm chức năng hô hấp và các nguy cơ, bao gồm ngăn ngừa các đợt cấp và giảm thiểu các triệu chứng mạn tính",henphequan.txt
139,Suy giảm chức năng hô hấp,Disease,C0035229,,Dẫn đến biến chứng,Đợt cấp,Complication,C2919376,,"Mục tiêu điều trị là giảm thiểu sự suy giảm chức năng hô hấp và các nguy cơ, bao gồm ngăn ngừa các đợt cấp",henphequan.txt
140,Suy giảm chức năng hô hấp,Disease,C0035229,,Dẫn đến biến chứng,Đợt cấp tính,DiseaseSubtype,C2919376,,"Mục tiêu điều trị là giảm thiểu sự suy giảm chức năng hô hấp và các nguy cơ, bao gồm ngăn ngừa các đợt cấp",henphequan.txt
141,Sử dụng cocaine dạng hít,RiskFactor,Chưa có,,Làm tăng nguy cơ mắc,Hen,Disease,C0004096,,"Trước khi liệu pháp được tăng cường, việc tuân thủ, tiếp xúc với các yếu tố môi trường (ví dụ: tiếp xúc với chất kích thích) và sự hiện diện của các bệnh kèm theo (ví dụ: béo phì, viêm mũi dị ứng, bệnh trào ngược dạ dày thực quản, bệnh phổi tắc nghẽn mạn tính, ngưng thở khi ngủ do tắc nghẽn, rối loạn chức năng dây thanh âm, sử dụng cocaine dạng hít).",henphequan.txt
142,Sự cải thiện FEV1 > 12% hoặc tăng >= 10% so với FEV1 dự đoán,Measurement,Chưa có,Thông số: Cải thiện FEV1; Giá trị: > hoặc >=12% hoặc 10% %,Xác định ngưỡng chẩn đoán cho,Hen,Disease,C0004096,,Sự cải thiện FEV1 > 12% hoặc tăng >= 10% so với FEV1 dự đoán sau dùng thuốc giãn phế quản thể hiện rối loạn thông khí tắc nghẽn có hồi phục,henphequan.txt
143,T hỗ trợ loại 1 (TH1),Mechanism,C0242632,,Là cơ chế sinh bệnh học của,Tế bào Th2,Mechanism,C0242633,,"Sự phơi nhiễm trong thời thơ ấu với vi khuẩn, virus, nội độc tố có thể chuyển cơ thể sang sự phản ứng với T hỗ trợ loại 1 (TH1), ngăn chặn tế bào Th2",henphequan.txt
144,Test da,Test,C0037296,,Dùng để chẩn đoán,Hen,Disease,C0004096,,Test da và đo IgE dị nguyên đặc hiệu thông qua kiểm tra chất hấp thụ radio (RAST) có thể xác định được các tác nhân gây dị ứng cụ thể.,henphequan.txt
145,Thiếu oxy vùng,Mechanism,Chưa có,,Là một phần của cơ chế,Co mạch phổi bù trừ,Mechanism,Chưa có,,tình trạng thiếu oxy vùng và tăng carbonic máu sẽ kích thích sự co mạch phổi bù trừ,henphequan.txt
146,Thuốc chẹn beta không chọn lọc,DrugClass,Chưa có,,Chống chỉ định cho,Hen,Disease,C0004096,,Hen suyễn là một chống chỉ định đối với việc sử dụng các thuốc chẹn beta không chọn lọc,henphequan.txt
147,Thuốc chống viêm,DrugClass,C0003209,,Điều trị,Hen,Disease,C0004096,,Các nghiên cứu thực nghiệm về thuốc giãn phế quản và thuốc chống viêm có thể hữu ích cho cả hai.,henphequan.txt
148,Thuốc cường beta-2,DrugClass,C2936789,,Điều trị,Hen,Disease,C0004096,,"Điều trị liên quan đến kiểm soát các yếu tố khởi phát và điều trị bằng thuốc, thường dùng nhất là thuốc cường beta-2 và corticosteroid dạng hít.",henphequan.txt
149,Thuốc cường beta-2 tác dụng ngắn,DrugClass,Chưa có,,Điều trị,Bệnh hen do tập luyện,Disease,C0004099,,Hen do gắng sức thường có thể được ngăn ngừa bằng dùng thuốc cường beta-2 tác dụng ngắn dạng hít dự phòng,henphequan.txt
150,Thuốc cường beta-2 tác dụng ngắn,DrugClass,Chưa có,,Điều trị,Hen do gắng sức,DiseaseSubtype,C0004099,,Hen do gắng sức thường có thể được ngăn ngừa bằng dùng thuốc cường beta-2 tác dụng ngắn dạng hít dự phòng,henphequan.txt
151,Thuốc giãn phế quản,DrugClass,C0006280,,Điều trị,Hen,Disease,C0004096,,Các nhóm thuốc chính thường được sử dụng trong điều trị hen suyễn và cơn hen kịch phát bao gồm Thuốc giãn phế quản,henphequan.txt
152,Thuốc giãn phế quản,DrugClass,C0006280,,Điều trị,Hen kích ứng,Disease,Chưa có,,"RADS và hen kích ứng mạn tính có nhiều điểm tương đồng về lâm sàng với hen (ví dụ: thở khò khè, khó thở, ho, có hạn chế luồng khí, tăng đáp ứng phế quản) và đáp ứng đáng kể với thuốc giãn phế quản và thường là corticosteroid.",henphequan.txt
153,Thuốc giãn phế quản,DrugClass,C0006280,,Điều trị,RADS,Disease,C1299633,,"RADS và hen kích ứng mạn tính có nhiều điểm tương đồng về lâm sàng với hen (ví dụ: thở khò khè, khó thở, ho, có hạn chế luồng khí, tăng đáp ứng phế quản) và đáp ứng đáng kể với thuốc giãn phế quản và thường là corticosteroid.",henphequan.txt
154,Thuốc giãn phế quản,DrugClass,C0006280,,Điều trị,Đợt cấp hen suyễn,DiseaseSubtype,C0340066,,Các nhóm thuốc chính thường được sử dụng trong điều trị hen suyễn và cơn hen kịch phát bao gồm Thuốc giãn phế quản,henphequan.txt
155,Thuốc giãn phế quản dạng hít,DrugClass,C0578554,,Điều trị,Đợt cấp hen suyễn,DiseaseSubtype,C0340066,,Điều trị bao gồm Thuốc giãn phế quản dạng hít (thuốc chủ vận beta và thuốc kháng cholinergic),henphequan.txt
156,Thuốc giãn phế quản tác dụng dài,DrugClass,Chưa có,,Điều trị,Hen,Disease,C0004096,,"Kiểm soát bệnh hen mạn tính với các thuốc điều chỉnh phản ứng dị ứng và miễn dịch - thường là corticosteroid hít - với các thuốc khác (ví dụ thuốc giãn phế quản tác dụng dài, thuốc ổn định tế bào mast, thuốc ức chế leukotriene) được thêm vào dựa trên mức độ hen.",henphequan.txt
157,Thuốc giãn phế quản tác dụng ngắn,DrugClass,Chưa có,,Điều trị,Bệnh hen do tập luyện,Disease,C0004099,,"Thay vào đó, một thuốc giãn phế quản tác dụng ngắn được dự phòng trước khi tập thể dục và khi cần thiết trong hoặc sau khi tập thể dục",henphequan.txt
158,Thuốc giãn phế quản tác dụng ngắn,DrugClass,Chưa có,,Điều trị,Hen do gắng sức,DiseaseSubtype,C0004099,,"Thay vào đó, một thuốc giãn phế quản tác dụng ngắn được dự phòng trước khi tập thể dục và khi cần thiết trong hoặc sau khi tập thể dục",henphequan.txt
159,Thuốc tác dụng kéo dài,DrugClass,C1135768,,Điều trị,Hen,Disease,C0004096,,"Thuốc tác dụng kéo dài ngăn ngừa các vấn đề (như sự bất tiện, lúng túng) khi phải dùng thuốc ở trường.",henphequan.txt
160,Thuốc điều biến leukotriene,DrugClass,Chưa có,,Điều trị,Hen nhạy cảm aspirin,DiseaseSubtype,C3853540,,Thuốc điều biến leukotriene có thể làm chậm phản ứng đối với NSAID.,henphequan.txt
161,Thuốc đối kháng muscarinic tác dụng kéo dài,DrugClass,Chưa có,,Chống chỉ định cho,Hen,Disease,C0004096,,"Trẻ em > 5 tuổi bị hen suyễn có thể được điều trị tương tự như người lớn, ngoại trừ việc không khuyến nghị dùng thuốc đối kháng muscarinic tác dụng kéo dài.",henphequan.txt
162,Thuốc ổn định tế bào mast,DrugClass,C1268905,,Điều trị,Bệnh hen do tập luyện,Disease,C0004099,,Hen do gắng sức thường có thể được ngăn ngừa bằng dùng thuốc cường beta-2 tác dụng ngắn dạng hít dự phòng hoặc thuốc ổn định tế bào mast trước khi bắt đầu tập thể dục.,henphequan.txt
163,Thuốc ổn định tế bào mast,DrugClass,C1268905,,Điều trị,Hen,Disease,C0004096,,"Kiểm soát bệnh hen mạn tính với các thuốc điều chỉnh phản ứng dị ứng và miễn dịch - thường là corticosteroid hít - với các thuốc khác (ví dụ thuốc giãn phế quản tác dụng dài, thuốc ổn định tế bào mast, thuốc ức chế leukotriene) được thêm vào dựa trên mức độ hen.",henphequan.txt
164,Thuốc ổn định tế bào mast,DrugClass,C1268905,,Điều trị,Hen do gắng sức,DiseaseSubtype,C0004099,,Hen do gắng sức thường có thể được ngăn ngừa bằng dùng thuốc cường beta-2 tác dụng ngắn dạng hít dự phòng hoặc thuốc ổn định tế bào mast trước khi bắt đầu tập thể dục.,henphequan.txt
165,Thuốc ức chế bơm proton,DrugClass,C0358591,,Điều trị,Bệnh trào ngược dạ dày thực quản (GERD),Disease,C0017168,,"điều trị GERD không có triệu chứng (ví dụ, với thuốc ức chế bơm proton)",henphequan.txt
166,Thuốc ức chế leukotriene,DrugClass,C0595726,,Điều trị,Hen,Disease,C0004096,,"Trẻ nhỏ và trẻ em < 5 tuổi cần điều trị > 2 lần/tuần nên được dùng thuốc chống viêm hàng ngày với corticosteroid dạng hít (ưu tiên), thuốc đối kháng thụ thể leukotriene, hoặc cromolyn.",henphequan.txt
167,Thời gian khởi phát RADS: vài phút đến vài giờ,Measurement,Chưa có,Thông số: Thời gian khởi phát; max_value: 24,Xác định ngưỡng chẩn đoán cho,RADS,Disease,C1299633,,"Hội chứng rối loạn chức năng đường thở phản ứng (RADS) là sự khởi phát nhanh chóng (vài phút đến vài giờ, nhưng không phải > 24 giờ) của một hội chứng giống hen suyễn",henphequan.txt
168,"Thời gian khởi phát RADS: vài phút đến vài giờ, không quá 24 giờ",Measurement,Chưa có,Thông số: Thời gian khởi phát; max_value: 24,Xác định ngưỡng chẩn đoán cho,RADS,Disease,C1299633,,"Hội chứng rối loạn chức năng đường thở phản ứng (RADS) là sự khởi phát nhanh chóng (vài phút đến vài giờ, nhưng không phải > 24 giờ) của một hội chứng giống hen suyễn",henphequan.txt
169,Thời gian kiểm soát hen suyễn tốt: >= 3 tháng,Measurement,Chưa có,Thông số: Thời gian kiểm soát hen suyễn tốt; Giá trị: >=3 tháng; min_value: 3,Xác định ngưỡng chẩn đoán cho,Hen,Disease,C0004096,,"Một khi hen suyễn đã được kiểm soát tốt trong ít nhất 3 tháng, thuốc điều trị có thể giảm đến mức tối thiểu duy trì sự kiểm soát tốt (xuống bậc).",henphequan.txt
170,Tiêu chí lâm sàng,Test,C5549662,,Dùng để chẩn đoán,Đợt cấp hen,Complication,C0340061,,Bệnh nhân hen có đợt cấp được đánh giá dựa trên các tiêu chí lâm sàng,henphequan.txt
171,Tiêu chí lâm sàng,Test,C5549662,,Dùng để chẩn đoán,Đợt cấp hen phế quản,DiseaseSubtype,C0340061,,Bệnh nhân hen có đợt cấp được đánh giá dựa trên các tiêu chí lâm sàng,henphequan.txt
172,Tiếp xúc với chất kích thích,RiskFactor,C5768267,,Làm tăng nguy cơ mắc,Hen,Disease,C0004096,,tiếp xúc với các yếu tố môi trường (ví dụ: tiếp xúc với chất kích thích),henphequan.txt
173,Tiền sử,Test,C0262926,,Dùng để chẩn đoán,Hen,Disease,C0004096,,"Việc chẩn đoán được dựa trên tiền sử, khám lâm sàng và đo chức năng hô hấp.",henphequan.txt
174,Tiền sử nhập viện do đợt cấp,RiskFactor,Chưa có,,Làm tăng nguy cơ mắc,Tử vong,Complication,C1306577,,"Các yếu tố nguy cơ tử vong bao gồm việc tăng nhu cầu sử dụng corticosteroid đường uống trước khi nhập viện, các đợt nhập viện trước đây do đợt cấp và giá trị lưu lượng đỉnh thở ra khi nhập viện thấp hơn.",henphequan.txt
175,Tuổi dậy thì sớm,RiskFactor,C0034013,,Làm tăng nguy cơ mắc,Hen,Disease,C0004096,,"Giới nữ, hút thuốc, tuổi dậy thì sớm, nhạy cảm với bọ ve trong nhà là những yếu tố nguy cơ cho hen kéo dài và tái phát.",henphequan.txt
176,Tuổi mẹ khi sinh quá trẻ,RiskFactor,Chưa có,,Làm tăng nguy cơ mắc,Hen,Disease,C0004096,,"Hen suyễn cũng liên quan đến các yếu tố chu sinh, chẳng hạn như bà mẹ sinh con khi còn quá trẻ",henphequan.txt
177,Tăng bạch cầu ái toan,Mechanism,C0014457,,Là cơ chế sinh bệnh học của,Chồng chéo Hen suyễn-COPD,Disease,C4038730,,"các đặc điểm của hen suyễn truyền thống, bao gồm tăng bạch cầu ái toan trong máu hoặc trong đờm và tắc nghẽn dòng khí có thể đảo ngược.",henphequan.txt
178,Tăng carbon dioxide (PCO2) >= 40 mmHg,Measurement,Chưa có,Thông số: PCO2 máu; Giá trị: >=40 mmHg,Xác định ngưỡng chẩn đoán cho,Hen,Disease,C0004096,,"Do đó, tăng carbon dioxide có thể xảy ra khi PCO2 đạt tới 40 mmHg.",henphequan.txt
179,Tăng nhu cầu sử dụng corticosteroid đường uống,RiskFactor,Chưa có,,Làm tăng nguy cơ mắc,Tử vong,Complication,C1306577,,Các yếu tố nguy cơ tử vong bao gồm việc tăng nhu cầu sử dụng corticosteroid đường uống trước khi nhập viện,henphequan.txt
180,Tăng nhu cầu sử dụng corticosteroid đường uống trước khi nhập viện,RiskFactor,Chưa có,,Làm tăng nguy cơ mắc,Tử vong,Complication,C1306577,,Các yếu tố nguy cơ tử vong bao gồm việc tăng nhu cầu sử dụng corticosteroid đường uống trước khi nhập viện,henphequan.txt
181,Tăng đáp ứng phế quản,Mechanism,C0085129,,Là cơ chế sinh bệnh học của,RADS,Disease,C1299633,,"RADS và hen kích ứng mạn tính có nhiều điểm tương đồng về lâm sàng với hen (ví dụ: thở khò khè, khó thở, ho, có hạn chế luồng khí, tăng đáp ứng phế quản)",henphequan.txt
182,Tập thể dục,Treatment,C0015259,,Làm tăng nguy cơ mắc,Bệnh hen do tập luyện,Disease,C0004099,,Hen do gắng sức thường có thể được ngăn ngừa bằng dùng thuốc cường beta-2 tác dụng ngắn dạng hít dự phòng hoặc thuốc ổn định tế bào mast trước khi bắt đầu tập thể dục.,henphequan.txt
183,Tập thể dục,Treatment,C0015259,,Làm tăng nguy cơ mắc,Hen,Disease,C0004096,,Tập thể dục có thể là một yếu tố khởi phát,henphequan.txt
184,Tập thể dục,Treatment,C0015259,,Làm tăng nguy cơ mắc,Hen do gắng sức,DiseaseSubtype,C0004099,,Hen do gắng sức thường có thể được ngăn ngừa bằng dùng thuốc cường beta-2 tác dụng ngắn dạng hít dự phòng hoặc thuốc ổn định tế bào mast trước khi bắt đầu tập thể dục.,henphequan.txt
185,Tế bào Th2,Mechanism,C0242633,,Là cơ chế sinh bệnh học của,Hen,Disease,C0004096,,"Ở bệnh nhân hen suyễn, tế bào TH2 và các loại tế bào khác - đặc biệt là bạch cầu ái toan và các tế bào mast, các dưới nhóm CD4+ và bạch cầu trung tính - hình thành quá trình viêm thâm nhiễm lan rộng vào biểu mô và cơ trơn đường thở, dẫn đến sự thay đổi đường thở (như sự viêm trợt, xơ hóa dưới biểu mô, tăng sinh mạch, phì đại cơ trơn).",henphequan.txt
186,Tỷ lệ FEV1/FVC,Measurement,Chưa có,Thông số: Tỷ lệ FEV1/FVC,Làm thay đổi / điều biến,Hen,Disease,C0004096,,"Suy giảm chức năng hoặc suy giảm chức năng sinh lý, suy giảm khách quan ở phổi có thể được đo bằng phương pháp đo phế dung kế, chủ yếu là thể tích thở ra gắng sức trong 1 giây (FEV1) và tỷ lệ giữa FEV1 với dung tích sống gắng sức (FVC), tương quan chặt chẽ với các thành phần chủ quan kiểm soát hen suyễn bao gồm các triệu chứng và các đặc điểm lâm sàng như là",henphequan.txt
187,Viêm do dị ứng (T2),DiseaseSubtype,Chưa có,,Là phân loại / thể bệnh của,Hen,Disease,C0004096,,"T2, hoặc viêm do dị ứng, thường được đặc trưng bởi tăng oxit nitric thở ra (FeNO), tăng số lượng bạch cầu ái toan trong máu và tăng IgE huyết thanh và là phân nhóm bệnh hen suyễn được công nhận là phổ biến nhất.",henphequan.txt
188,Viêm mũi dị ứng,Disease,C2607914,,Làm tăng nguy cơ mắc,Hen,Disease,C0004096,,"Trước khi liệu pháp được tăng cường, việc tuân thủ, tiếp xúc với các yếu tố môi trường (ví dụ: tiếp xúc với chất kích thích) và sự hiện diện của các bệnh kèm theo (ví dụ: béo phì, viêm mũi dị ứng, bệnh trào ngược dạ dày thực quản, bệnh phổi tắc nghẽn mạn tính, ngưng thở khi ngủ do tắc nghẽn, rối loạn chức năng dây thanh âm, sử dụng cocaine dạng hít).",henphequan.txt
189,"Vắc xin, kháng sinh",RiskFactor,Chưa có,,Làm tăng nguy cơ mắc,Hen,Disease,C0004096,,"Xu hướng với các gia đình có ít trẻ hơn, môi trường trong nhà sạch hơn và việc sử dụng sớm vắc xin, kháng sinh có thể làm mất đi sự ức chế T2 ở trẻ, ức chế dung nạp. Điều đó có thể phần nào giải thích sự gia tăng liên tục tỷ lệ hen suyễn ở các nước thu nhập cao hơn",henphequan.txt
190,X-quang ngực,Test,C0039985,,Giúp phát hiện,Căng phồng phổi quá mức,Sign,Chưa có,,Chụp X-quang ngực cho thấy thường xuyên có căng phồng phổi quá mức,henphequan.txt
191,X-quang ngực,Test,C0039985,,Dùng để chẩn đoán,Hen,Disease,C0004096,,Chụp X-quang ngực cho thấy thường xuyên có căng phồng phổi quá mức và hiếm khi tràn khí màng phổi hoặc tràn khí trung thất.,henphequan.txt
192,X-quang ngực,Test,C0039985,,Dùng để chẩn đoán,Suy tim,Complication,C0018801,,"X-quang ngực có thể giúp loại trừ một số nguyên nhân gây hen hoặc chẩn đoán thay thế, chẳng hạn như suy tim hoặc là viêm phổi.",henphequan.txt
193,X-quang ngực,Test,C0039985,,Dùng để chẩn đoán,Viêm phổi,Complication,C0032285,,"X-quang ngực có thể giúp loại trừ một số nguyên nhân gây hen hoặc chẩn đoán thay thế, chẳng hạn như suy tim hoặc là viêm phổi.",henphequan.txt
194,Xét nghiệm cận lâm sàng,Test,C0086143,,Dùng để chẩn đoán,Đợt cấp hen,Complication,C0340061,,Bệnh nhân hen có đợt cấp được đánh giá dựa trên các tiêu chí lâm sàng nhưng đôi khi cũng phải làm các xét nghiệm nhất định:,henphequan.txt
195,Xét nghiệm cận lâm sàng,Test,C0086143,,Dùng để chẩn đoán,Đợt cấp hen phế quản,DiseaseSubtype,C0340061,,Bệnh nhân hen có đợt cấp được đánh giá dựa trên các tiêu chí lâm sàng nhưng đôi khi cũng phải làm các xét nghiệm nhất định:,henphequan.txt
196,Yếu tố chu sinh,RiskFactor,Chưa có,,Làm tăng nguy cơ mắc,Hen,Disease,C0004096,,"Hen suyễn cũng liên quan đến các yếu tố chu sinh, chẳng hạn như bà mẹ sinh con khi còn quá trẻ, dinh dưỡng kém của bà mẹ, trẻ sơ sinh non tháng, trẻ sơ sinh nhẹ cân và thiếu sữa mẹ.",henphequan.txt
197,Yếu tố khởi phát,RiskFactor,C0032930,,Làm tăng nguy cơ mắc,Hen,Disease,C0004096,,thường xuất hiện khi tiếp xúc với một hoặc nhiều yếu tố khởi phát.,henphequan.txt
198,Zileuton,Drug,C0081408,,Điều trị,Hen,Disease,C0004096,,"Ngoài ra, zileuton chỉ nên được sử dụng cho trẻ em >= 12 tuổi.",henphequan.txt
199,Điều trị hen suyễn,Treatment,C1318955,,Điều trị,Hen,Disease,C0004096,,"Mức độ nặng thường chỉ có thể được đánh giá trực tiếp trước khi bắt đầu điều trị, vì khi bệnh nhân đáp ứng tốt điều trị thì sẽ có ít triệu chứng.",henphequan.txt
200,"Đo chức năng hô hấp (FEV1, FEV1/FVC, FVC)",Test,C0037981,,Dùng để chẩn đoán,Hen,Disease,C0004096,,Đo chức năng hô hấp nên được lặp lại ít nhất từ 1 đến 2 năm ở bệnh nhân hen suyễn để theo dõi sự tiến triển của bệnh,henphequan.txt
201,"Đo chức năng hô hấp (FEV1, FEV1/FVC, FVC)",Test,C0037981,,Đo lường chỉ số,FEV1,Measurement,Chưa có,Thông số: FEV1,"Suy giảm chức năng hoặc suy giảm chức năng sinh lý, suy giảm khách quan ở phổi có thể được đo bằng phương pháp đo phế dung kế, chủ yếu là thể tích thở ra gắng sức trong 1 giây (FEV1)",henphequan.txt
202,"Đo chức năng hô hấp (FEV1, FEV1/FVC, FVC)",Test,C0037981,,Đo lường chỉ số,Tỷ lệ FEV1/FVC,Measurement,Chưa có,Thông số: Tỷ lệ FEV1/FVC,"Suy giảm chức năng hoặc suy giảm chức năng sinh lý, suy giảm khách quan ở phổi có thể được đo bằng phương pháp đo phế dung kế, chủ yếu là thể tích thở ra gắng sức trong 1 giây (FEV1) và tỷ lệ giữa FEV1 với dung tích sống gắng sức (FVC)",henphequan.txt
203,Đáp ứng T2 tiền viêm,Mechanism,Chưa có,,Là cơ chế sinh bệnh học của,Hen suyễn tăng bạch cầu ái toan,DiseaseSubtype,C0340076,,Đáp ứng T2 tiền viêm được đặc trưng bởi sự tăng trưởng và kích hoạt quá trình sản sinh bạch cầu ái toan và IgE. Hen suyễn với dạng viêm này thường được gọi làh hen suyễn tăng bạch cầu ái toan.,henphequan.txt
204,Đáp ứng miễn dịch T2,Mechanism,Chưa có,,Là một phần của cơ chế,Bạch cầu ái toan và IgE,Mechanism,Chưa có,,Đáp ứng T2 tiền viêm được đặc trưng bởi sự tăng trưởng và kích hoạt quá trình sản sinh bạch cầu ái toan và IgE.,henphequan.txt
205,Đáp ứng miễn dịch T2,Mechanism,Chưa có,,Là cơ chế sinh bệnh học của,Hen suyễn tăng bạch cầu ái toan,DiseaseSubtype,C0340076,,Hen suyễn với dạng viêm này thường được gọi làh hen suyễn tăng bạch cầu ái toan.,henphequan.txt
206,Đợt cấp hen,Complication,C0340061,,Là phân loại / thể bệnh của,Hen,Disease,C0004096,,Bệnh nhân hen có đợt cấp,henphequan.txt
207,Đợt cấp hen phế quản,DiseaseSubtype,C0340061,,Là phân loại / thể bệnh của,Hen,Disease,C0004096,,Bệnh nhân hen có đợt cấp,henphequan.txt
208,Đợt cấp hen suyễn nặng,Complication,C3872851,,Gây tổn thương cơ quan,Phổi,Organ,C0024109,,"Ví dụ, bệnh nhân bị hen suyễn nhẹ không có triệu chứng hoặc triệu chứng nhẹ và chức năng phổi bình thường vẫn có thể bị đợt cấp nặng đe dọa đến tính mạng.",henphequan.txt
